Datum,Inneh√•llstyp,Visningar
2024-08-13,Videor,1
2024-08-14,Videor,1
2024-08-15,Videor,0
2024-08-16,Videor,1
2024-08-17,Videor,61
2024-08-18,Videor,28
2024-08-19,Videor,69
2024-08-20,Videor,82
2024-08-21,Videor,69
2024-08-22,Videor,144
2024-08-23,Videor,99
2024-08-24,Videor,67
2024-08-25,Videor,78
2024-08-26,Videor,117
2024-08-27,Videor,106
2024-08-28,Videor,81
2024-08-29,Videor,96
2024-08-30,Videor,122
2024-08-31,Videor,53
2024-09-01,Videor,118
2024-09-02,Videor,154
2024-09-03,Videor,54
2024-09-04,Videor,57
2024-09-05,Videor,102
2024-09-06,Videor,57
2024-09-07,Videor,40
2024-09-08,Videor,53
2024-09-09,Videor,142
